-- TABLE CREATION  (CREATION ORDER MENTIONED)

--1
CREATE TABLE AUC (
 AUC_ID INTEGER IDENTITY NOT NULL PRIMARY KEY,
 ENCRYPTION VARCHAR(20) NOT NULL,
 SRES_RESPONSE BIT NOT NULL		
);



--2
CREATE TABLE USER_EQUIPMENT (
ISDN BIGINT NOT NULL PRIMARY KEY,
IMSI BIGINT NOT NULL,
AUC_ID INTEGER NOT NULL FOREIGN KEY REFERENCES AUC(AUC_ID), 
XRES_RESPONSE BIT NOT NULL );


--3
CREATE TABLE HLR (
ISDN BIGINT NOT NULL ,
IMSI BIGINT NOT NULL PRIMARY KEY,
CSI BIT NOT NULL, 
NAM VARCHAR(4) NOT NULL CHECK (UPPER(NAM) IN ('GPRS','GSM','BOTH'))
);



--4
CREATE TABLE USER_EQUIPMENT_HLR_MAPPING 
 (ISDN BIGINT NOT NULL 
  REFERENCES USER_EQUIPMENT (ISDN)
  ON UPDATE CASCADE
  ON DELETE CASCADE,
 IMSI  BIGINT NOT NULL
 REFERENCES HLR (IMSI)
  ON UPDATE CASCADE
  ON DELETE CASCADE,
 PRIMARY KEY (ISDN, IMSI) 
);


--5
CREATE TABLE VLR (
 VLRID  INTEGER NOT NULL,
 IMSI BIGINT FOREIGN KEY REFERENCES HLR(IMSI),
 MSRN VARCHAR DEFAULT NULL, 
 RAI VARCHAR(12)
);


--6
CREATE TABLE EIR (
 IMEI BIGINT NOT NULL PRIMARY KEY,
 IMSI BIGINT FOREIGN KEY REFERENCES HLR(IMSI),
 BLACK_LIST VARCHAR(3) NOT NULL CHECK (UPPER(BLACK_LIST) IN ('YES','NO')),
 WHITE_LIST VARCHAR(3) NOT NULL CHECK (UPPER(WHITE_LIST) IN ('YES','NO')),
 GREY_LIST VARCHAR(3) NOT NULL CHECK (UPPER(GREY_LIST) IN ('YES','NO'))
);

--7
CREATE TABLE SGSN (
 SGSN_IP  VARCHAR(20) NOT NULL PRIMARY KEY,
 PDP_CONTEXT    INT IDENTITY(1,1)  ,
IMSI BIGINT NOT NULL FOREIGN KEY REFERENCES HLR ( IMSI),
 APN VARCHAR(50) NOT NULL
 );
 
ALTER TABLE SGSN  
ADD EncryptedPDP_CONTEXT varbinary(MAX )NULL  ;
 

--8
CREATE TABLE GGSN (
 GGSN_IP  VARCHAR(20) NOT NULL PRIMARY KEY,
 PDP_CONTEXT   INT IDENTITY(1,1)  , 
);

ALTER TABLE GGSN  
ADD EncryptedPDP_CONTEXT varbinary(MAX )NULL  ;


--9
CREATE TABLE SGSN_GGSN_MAPPING 
 (SGSN_IP VARCHAR(20) NOT NULL 
  REFERENCES SGSN (SGSN_IP)
  ON UPDATE CASCADE
  ON DELETE CASCADE,
 GGSN_IP  VARCHAR(20) NOT NULL
 REFERENCES GGSN (GGSN_IP)
  ON UPDATE CASCADE
  ON DELETE CASCADE,
  PDP_CONTEXT    INT IDENTITY(1,1)  ,
 PRIMARY KEY (SGSN_IP, GGSN_IP) 
);


--10
CREATE TABLE HSS (
 ISDN  BIGINT NOT NULL FOREIGN KEY REFERENCES USER_EQUIPMENT(ISDN),
 IMSI BIGINT NOT NULL PRIMARY KEY,	
NAM VARCHAR(4) NOT NULL CHECK (UPPER(NAM) IN ('GPRS','GSM','BOTH'))
);

--11
CREATE TABLE MME (
 PTMSI INTEGER NOT NULL PRIMARY KEY,
 ISDN BIGINT NOT NULL FOREIGN KEY REFERENCES USER_EQUIPMENT(ISDN),
 IMSI BIGINT NOT NULL FOREIGN KEY REFERENCES HSS(IMSI),	
 MSRN VARCHAR(20) DEFAULT NULL, 
 TAI VARCHAR(12)
);


--12
CREATE TABLE SGW (
 SGW_IP   VARCHAR(20) NOT NULL,
 PDP_CONTEXT    INT IDENTITY(1,1)  ,
 PTMSI INTEGER NOT NULL FOREIGN KEY REFERENCES MME(PTMSI), 
 APN VARCHAR(50) NOT NULL,
 PRIMARY KEY (SGW_IP,PDP_CONTEXT) 
);


--13
CREATE TABLE PGW (
 PGW_IP VARCHAR(20) NOT NULL PRIMARY KEY,
 PDP_CONTEXT  INT IDENTITY(1,1)
);


--14
CREATE TABLE PCRF (
 PCRFID VARCHAR(20) NOT NULL PRIMARY KEY,
 IMSI BIGINT NOT NULL FOREIGN KEY REFERENCES HSS(IMSI) ,
 PGW_IP   VARCHAR(20) NOT NULL FOREIGN KEY REFERENCES PGW(PGW_IP), 
 CHARGING_DRECORD DATETIME ,
 QOS VARCHAR(20) NOT NULL
);


--15
CREATE TABLE DNS (
 DNSID  VARCHAR(20) NOT NULL PRIMARY KEY, 
 APN VARCHAR(50)  NOT NULL	
);


-- TAI

CREATE TABLE TAI(
 TAIID VARCHAR(20) NOT NULL PRIMARY KEY,
 NAME VARCHAR(20) NOT NULL 
);

-- RAI 

CREATE TABLE RAI(
 RAIID VARCHAR(20) NOT NULL PRIMARY KEY,
 NAME VARCHAR(20) NOT NULL 
);


-- TAI


INSERT INTO PRAKASH_MONISHA_TEST.dbo.TAI(TAID, name) VALUES('460150E00101', 'Boston');
INSERT INTO PRAKASH_MONISHA_TEST.dbo.TAI(TAID, name) VALUES('470150E00101','Quincy');
INSERT INTO PRAKASH_MONISHA_TEST.dbo.TAI(TAID, name) VALUES('480150E00101', 'Plymouth');
INSERT INTO PRAKASH_MONISHA_TEST.dbo.TAI(TAID, name)VALUES('490150E00101', 'Worcester');


-- RAI
INSERT INTO PRAKASH_MONISHA_TEST.dbo.RAI(RAIID, name) VALUES('460150E00101', 'Boston');
INSERT INTO PRAKASH_MONISHA_TEST.dbo.RAI(RAIID, name) VALUES('470150E00101','Quincy');
INSERT INTO PRAKASH_MONISHA_TEST.dbo.RAI(RAIID, name) VALUES('480150E00101', 'Plymouth');
INSERT INTO PRAKASH_MONISHA_TEST.dbo.RAI(RAIID, name)VALUES('490150E00101', 'Worcester');

--AUC

INSERT INTO PRAKASH_MONISHA_TEST.dbo.AUC
(ENCRYPTION, SRES_RESPONSE)
VALUES('AES256', 0);
INSERT INTO PRAKASH_MONISHA_TEST.dbo.AUC
(ENCRYPTION, SRES_RESPONSE)
VALUES('3DES', 1);
INSERT INTO PRAKASH_MONISHA_TEST.dbo.AUC
(ENCRYPTION, SRES_RESPONSE)
VALUES('Twofish', 0);
INSERT INTO PRAKASH_MONISHA_TEST.dbo.AUC
(ENCRYPTION, SRES_RESPONSE)
VALUES('RSA', 1);
INSERT INTO PRAKASH_MONISHA_TEST.dbo.AUC
(ENCRYPTION, SRES_RESPONSE)
VALUES('Triple DES', 0);
INSERT INTO PRAKASH_MONISHA_TEST.dbo.AUC
(ENCRYPTION, SRES_RESPONSE)
VALUES('Blowfish', 1);
INSERT INTO PRAKASH_MONISHA_TEST.dbo.AUC
(ENCRYPTION, SRES_RESPONSE)
VALUES('ROT13', 0);
INSERT INTO PRAKASH_MONISHA_TEST.dbo.AUC
(ENCRYPTION, SRES_RESPONSE)
VALUES('MKBHD', 1);
INSERT INTO PRAKASH_MONISHA_TEST.dbo.AUC
( ENCRYPTION, SRES_RESPONSE)
VALUES('DarthVador', 0);
INSERT INTO PRAKASH_MONISHA_TEST.dbo.AUC
( ENCRYPTION, SRES_RESPONSE)
VALUES('TripleTrouble', 1);


--USER_EQUIPMENT


INSERT INTO PRAKASH_MONISHA_TEST.dbo.USER_EQUIPMENT([ISDN],[IMSI],[AUC_ID],[XRES_RESPONSE]) VALUES(6807733900,37658851,4,0);
INSERT INTO PRAKASH_MONISHA_TEST.dbo.USER_EQUIPMENT([ISDN],[IMSI],[AUC_ID],[XRES_RESPONSE]) VALUES(4290143100,61200340,9,0);
INSERT INTO PRAKASH_MONISHA_TEST.dbo.USER_EQUIPMENT([ISDN],[IMSI],[AUC_ID],[XRES_RESPONSE]) VALUES(5781996100,68175471,9,1);
INSERT INTO PRAKASH_MONISHA_TEST.dbo.USER_EQUIPMENT([ISDN],[IMSI],[AUC_ID],[XRES_RESPONSE]) VALUES(9266112800,45181454,1,0);
INSERT INTO PRAKASH_MONISHA_TEST.dbo.USER_EQUIPMENT([ISDN],[IMSI],[AUC_ID],[XRES_RESPONSE]) VALUES(6038816400,97330536,8,1);
INSERT INTO PRAKASH_MONISHA_TEST.dbo.USER_EQUIPMENT([ISDN],[IMSI],[AUC_ID],[XRES_RESPONSE]) VALUES(7297116400,876418,6,1);
INSERT INTO PRAKASH_MONISHA_TEST.dbo.USER_EQUIPMENT([ISDN],[IMSI],[AUC_ID],[XRES_RESPONSE]) VALUES(2493192900,23024077,3,0);
INSERT INTO PRAKASH_MONISHA_TEST.dbo.USER_EQUIPMENT([ISDN],[IMSI],[AUC_ID],[XRES_RESPONSE]) VALUES(6761391000,66094019,6,0);
INSERT INTO PRAKASH_MONISHA_TEST.dbo.USER_EQUIPMENT([ISDN],[IMSI],[AUC_ID],[XRES_RESPONSE]) VALUES(1085996600,31619232,7,1);
INSERT INTO PRAKASH_MONISHA_TEST.dbo.USER_EQUIPMENT([ISDN],[IMSI],[AUC_ID],[XRES_RESPONSE]) VALUES(3877583700,76568964,1,0);
INSERT INTO PRAKASH_MONISHA_TEST.dbo.USER_EQUIPMENT([ISDN],[IMSI],[AUC_ID],[XRES_RESPONSE]) VALUES(9196303900,15769792,1,0);
INSERT INTO PRAKASH_MONISHA_TEST.dbo.USER_EQUIPMENT([ISDN],[IMSI],[AUC_ID],[XRES_RESPONSE]) VALUES(3264558600,95675087,9,0);
INSERT INTO PRAKASH_MONISHA_TEST.dbo.USER_EQUIPMENT([ISDN],[IMSI],[AUC_ID],[XRES_RESPONSE]) VALUES(3200843100,34467966,6,0);
INSERT INTO PRAKASH_MONISHA_TEST.dbo.USER_EQUIPMENT([ISDN],[IMSI],[AUC_ID],[XRES_RESPONSE]) VALUES(8423367100,11675511,10,0);
INSERT INTO PRAKASH_MONISHA_TEST.dbo.USER_EQUIPMENT([ISDN],[IMSI],[AUC_ID],[XRES_RESPONSE]) VALUES(9955875100,91587396,7,1);
INSERT INTO PRAKASH_MONISHA_TEST.dbo.USER_EQUIPMENT([ISDN],[IMSI],[AUC_ID],[XRES_RESPONSE]) VALUES(4673725800,31432623,8,0);
INSERT INTO PRAKASH_MONISHA_TEST.dbo.USER_EQUIPMENT([ISDN],[IMSI],[AUC_ID],[XRES_RESPONSE]) VALUES(6741612000,23658561,7,0);
INSERT INTO PRAKASH_MONISHA_TEST.dbo.USER_EQUIPMENT([ISDN],[IMSI],[AUC_ID],[XRES_RESPONSE]) VALUES(9375326700,32099455,8,0);
INSERT INTO PRAKASH_MONISHA_TEST.dbo.USER_EQUIPMENT([ISDN],[IMSI],[AUC_ID],[XRES_RESPONSE]) VALUES(1031208800,88370774,3,1);
INSERT INTO PRAKASH_MONISHA_TEST.dbo.USER_EQUIPMENT([ISDN],[IMSI],[AUC_ID],[XRES_RESPONSE]) VALUES(3317649800,730469,5,0);
INSERT INTO PRAKASH_MONISHA_TEST.dbo.USER_EQUIPMENT([ISDN],[IMSI],[AUC_ID],[XRES_RESPONSE]) VALUES(1811431000,10032804,9,1);



--HLR


INSERT INTO PRAKASH_MONISHA_TEST.dbo.HLR([ISDN],[IMSI],[CSI],[NAM]) VALUES(6807733900,37658851,1,'GPRS');
INSERT INTO PRAKASH_MONISHA_TEST.dbo.HLR([ISDN],[IMSI],[CSI],[NAM]) VALUES(4290143100,61200340,0,'GPRS');
INSERT INTO PRAKASH_MONISHA_TEST.dbo.HLR([ISDN],[IMSI],[CSI],[NAM]) VALUES(5781996100,68175471,0,'GSM');
INSERT INTO PRAKASH_MONISHA_TEST.dbo.HLR([ISDN],[IMSI],[CSI],[NAM]) VALUES(9266112800,45181454,1,'GPRS');
INSERT INTO PRAKASH_MONISHA_TEST.dbo.HLR([ISDN],[IMSI],[CSI],[NAM]) VALUES(6038816400,97330536,0,'GSM');
INSERT INTO PRAKASH_MONISHA_TEST.dbo.HLR([ISDN],[IMSI],[CSI],[NAM]) VALUES(7297116400,876418,1,'GSM');
INSERT INTO PRAKASH_MONISHA_TEST.dbo.HLR([ISDN],[IMSI],[CSI],[NAM]) VALUES(2493192900,23024077,0,'GPRS');
INSERT INTO PRAKASH_MONISHA_TEST.dbo.HLR([ISDN],[IMSI],[CSI],[NAM]) VALUES(6761391000,66094019,0,'GPRS');
INSERT INTO PRAKASH_MONISHA_TEST.dbo.HLR([ISDN],[IMSI],[CSI],[NAM]) VALUES(1085996600,31619232,0,'GSM');
INSERT INTO PRAKASH_MONISHA_TEST.dbo.HLR([ISDN],[IMSI],[CSI],[NAM]) VALUES(3877583700,76568964,1,'GPRS');
INSERT INTO PRAKASH_MONISHA_TEST.dbo.HLR([ISDN],[IMSI],[CSI],[NAM]) VALUES(9196303900,15769792,1,'BOTH');
INSERT INTO PRAKASH_MONISHA_TEST.dbo.HLR([ISDN],[IMSI],[CSI],[NAM]) VALUES(3264558600,95675087,0,'GPRS');
INSERT INTO PRAKASH_MONISHA_TEST.dbo.HLR([ISDN],[IMSI],[CSI],[NAM]) VALUES(3200843100,34467966,0,'BOTH');
INSERT INTO PRAKASH_MONISHA_TEST.dbo.HLR([ISDN],[IMSI],[CSI],[NAM]) VALUES(8423367100,11675511,0,'GPRS');
INSERT INTO PRAKASH_MONISHA_TEST.dbo.HLR([ISDN],[IMSI],[CSI],[NAM]) VALUES(9955875100,91587396,0,'GSM');
INSERT INTO PRAKASH_MONISHA_TEST.dbo.HLR([ISDN],[IMSI],[CSI],[NAM]) VALUES(4673725800,31432623,0,'BOTH');
INSERT INTO PRAKASH_MONISHA_TEST.dbo.HLR([ISDN],[IMSI],[CSI],[NAM]) VALUES(6741612000,23658561,0,'GPRS');
INSERT INTO PRAKASH_MONISHA_TEST.dbo.HLR([ISDN],[IMSI],[CSI],[NAM]) VALUES(9375326700,32099455,0,'BOTH');
INSERT INTO PRAKASH_MONISHA_TEST.dbo.HLR([ISDN],[IMSI],[CSI],[NAM]) VALUES(1031208800,88370774,0,'GSM');
INSERT INTO PRAKASH_MONISHA_TEST.dbo.HLR([ISDN],[IMSI],[CSI],[NAM]) VALUES(3317649800,730469,1,'GPRS');
INSERT INTO PRAKASH_MONISHA_TEST.dbo.HLR([ISDN],[IMSI],[CSI],[NAM]) VALUES(1811431000,10032804,1,'GSM');


--USER_EQUIPMENT_HLR_MAPPING


INSERT INTO PRAKASH_MONISHA_TEST.dbo.USER_EQUIPMENT_HLR_MAPPING(ISDN, IMSI) VALUES(6807733900,37658851);
INSERT INTO PRAKASH_MONISHA_TEST.dbo.USER_EQUIPMENT_HLR_MAPPING(ISDN, IMSI) VALUES(4290143100,61200340);
INSERT INTO PRAKASH_MONISHA_TEST.dbo.USER_EQUIPMENT_HLR_MAPPING(ISDN, IMSI) VALUES(5781996100,68175471);
INSERT INTO PRAKASH_MONISHA_TEST.dbo.USER_EQUIPMENT_HLR_MAPPING(ISDN, IMSI) VALUES(9266112800,45181454);
INSERT INTO PRAKASH_MONISHA_TEST.dbo.USER_EQUIPMENT_HLR_MAPPING(ISDN, IMSI) VALUES(6038816400,97330536);
INSERT INTO PRAKASH_MONISHA_TEST.dbo.USER_EQUIPMENT_HLR_MAPPING(ISDN, IMSI) VALUES(7297116400,876418);
INSERT INTO PRAKASH_MONISHA_TEST.dbo.USER_EQUIPMENT_HLR_MAPPING(ISDN, IMSI) VALUES(2493192900,23024077);
INSERT INTO PRAKASH_MONISHA_TEST.dbo.USER_EQUIPMENT_HLR_MAPPING(ISDN, IMSI) VALUES(6761391000,66094019);
INSERT INTO PRAKASH_MONISHA_TEST.dbo.USER_EQUIPMENT_HLR_MAPPING(ISDN, IMSI) VALUES(1085996600,31619232);
INSERT INTO PRAKASH_MONISHA_TEST.dbo.USER_EQUIPMENT_HLR_MAPPING(ISDN, IMSI) VALUES(3877583700,76568964);
INSERT INTO PRAKASH_MONISHA_TEST.dbo.USER_EQUIPMENT_HLR_MAPPING(ISDN, IMSI) VALUES(9196303900,15769792);
INSERT INTO PRAKASH_MONISHA_TEST.dbo.USER_EQUIPMENT_HLR_MAPPING(ISDN, IMSI) VALUES(3264558600,95675087);
INSERT INTO PRAKASH_MONISHA_TEST.dbo.USER_EQUIPMENT_HLR_MAPPING(ISDN, IMSI) VALUES(3200843100,34467966);
INSERT INTO PRAKASH_MONISHA_TEST.dbo.USER_EQUIPMENT_HLR_MAPPING(ISDN, IMSI) VALUES(8423367100,11675511);
INSERT INTO PRAKASH_MONISHA_TEST.dbo.USER_EQUIPMENT_HLR_MAPPING(ISDN, IMSI) VALUES(9955875100,91587396);
INSERT INTO PRAKASH_MONISHA_TEST.dbo.USER_EQUIPMENT_HLR_MAPPING(ISDN, IMSI) VALUES(4673725800,31432623);
INSERT INTO PRAKASH_MONISHA_TEST.dbo.USER_EQUIPMENT_HLR_MAPPING(ISDN, IMSI) VALUES(6741612000,23658561);
INSERT INTO PRAKASH_MONISHA_TEST.dbo.USER_EQUIPMENT_HLR_MAPPING(ISDN, IMSI) VALUES(9375326700,32099455);
INSERT INTO PRAKASH_MONISHA_TEST.dbo.USER_EQUIPMENT_HLR_MAPPING(ISDN, IMSI) VALUES(1031208800,88370774);
INSERT INTO PRAKASH_MONISHA_TEST.dbo.USER_EQUIPMENT_HLR_MAPPING(ISDN, IMSI) VALUES(3317649800,730469);
INSERT INTO PRAKASH_MONISHA_TEST.dbo.USER_EQUIPMENT_HLR_MAPPING(ISDN, IMSI) VALUES(1811431000,10032804);




--VLR


INSERT INTO PRAKASH_MONISHA_TEST.dbo.VLR
(VLRID, IMSI, MSRN, RAI)
VALUES(1, 37658851, (NULL), '460150E00100');
INSERT INTO PRAKASH_MONISHA_TEST.dbo.VLR
(VLRID, IMSI, MSRN, RAI)
VALUES(2,61200340, (NULL), '470150E00100');
INSERT INTO PRAKASH_MONISHA_TEST.dbo.VLR
(VLRID, IMSI, MSRN, RAI)
VALUES(3, 68175471, (NULL), '480150E00100');
INSERT INTO PRAKASH_MONISHA_TEST.dbo.VLR
(VLRID, IMSI, MSRN, RAI)
VALUES(4, 45181454, (NULL), '490150E00100');
INSERT INTO PRAKASH_MONISHA_TEST.dbo.VLR
(VLRID, IMSI, MSRN, RAI)
VALUES(5,97330536, (NULL), '460150E00100');
INSERT INTO PRAKASH_MONISHA_TEST.dbo.VLR
(VLRID, IMSI, MSRN, RAI)
VALUES(6, 876418, (NULL), '470150E00100');
INSERT INTO PRAKASH_MONISHA_TEST.dbo.VLR
(VLRID, IMSI, MSRN, RAI)
VALUES(7, 23024077, (NULL), '470150E00100');
INSERT INTO PRAKASH_MONISHA_TEST.dbo.VLR
(VLRID, IMSI, MSRN, RAI)
VALUES(8, 66094019, (NULL), '490150E00100');
INSERT INTO PRAKASH_MONISHA_TEST.dbo.VLR
(VLRID, IMSI, MSRN, RAI)
VALUES(9, 31619232, (NULL), '460150E00100');
INSERT INTO PRAKASH_MONISHA_TEST.dbo.VLR
(VLRID, IMSI, MSRN, RAI)
VALUES(10, 76568964, (NULL), '460150E00100');
INSERT INTO PRAKASH_MONISHA_TEST.dbo.VLR
(VLRID, IMSI, MSRN, RAI)
VALUES(11, 15769792, (NULL), '460150E00100');

--EIR

INSERT INTO PRAKASH_MONISHA_TEST.dbo.EIR(IMEI, IMSI, BLACK_LIST, WHITE_LIST, GREY_LIST) VALUES(68077339123456789,37658851,'YES','NO','YES');
INSERT INTO PRAKASH_MONISHA_TEST.dbo.EIR(IMEI, IMSI, BLACK_LIST, WHITE_LIST, GREY_LIST) VALUES(42901431123456789,61200340,'YES','NO','YES');
INSERT INTO PRAKASH_MONISHA_TEST.dbo.EIR(IMEI, IMSI, BLACK_LIST, WHITE_LIST, GREY_LIST) VALUES(57819961123456789,68175471,'NO','NO','YES');
INSERT INTO PRAKASH_MONISHA_TEST.dbo.EIR(IMEI, IMSI, BLACK_LIST, WHITE_LIST, GREY_LIST) VALUES(92661128123456789,45181454,'YES','NO','YES');
INSERT INTO PRAKASH_MONISHA_TEST.dbo.EIR(IMEI, IMSI, BLACK_LIST, WHITE_LIST, GREY_LIST) VALUES(60388164123456789,97330536,'NO','NO','YES');
INSERT INTO PRAKASH_MONISHA_TEST.dbo.EIR(IMEI, IMSI, BLACK_LIST, WHITE_LIST, GREY_LIST) VALUES(72971164123456789,876418,'YES','NO','YES');
INSERT INTO PRAKASH_MONISHA_TEST.dbo.EIR(IMEI, IMSI, BLACK_LIST, WHITE_LIST, GREY_LIST) VALUES(24931929123456789,23024077,'YES','NO','NO');
INSERT INTO PRAKASH_MONISHA_TEST.dbo.EIR(IMEI, IMSI, BLACK_LIST, WHITE_LIST, GREY_LIST) VALUES(67613910123456789,66094019,'NO','NO','YES');
INSERT INTO PRAKASH_MONISHA_TEST.dbo.EIR(IMEI, IMSI, BLACK_LIST, WHITE_LIST, GREY_LIST) VALUES(10859966123456789,31619232,'YES','NO','YES');
INSERT INTO PRAKASH_MONISHA_TEST.dbo.EIR(IMEI, IMSI, BLACK_LIST, WHITE_LIST, GREY_LIST) VALUES(38775837123456789,76568964,'NO','NO','NO');
INSERT INTO PRAKASH_MONISHA_TEST.dbo.EIR(IMEI, IMSI, BLACK_LIST, WHITE_LIST, GREY_LIST) VALUES(91963039123456789,15769792,'YES','NO','YES');
INSERT INTO PRAKASH_MONISHA_TEST.dbo.EIR(IMEI, IMSI, BLACK_LIST, WHITE_LIST, GREY_LIST) VALUES(32645586123456789,95675087,'YES','NO','YES');
INSERT INTO PRAKASH_MONISHA_TEST.dbo.EIR(IMEI, IMSI, BLACK_LIST, WHITE_LIST, GREY_LIST) VALUES(32008431123456789,34467966,'NO','NO','YES');
INSERT INTO PRAKASH_MONISHA_TEST.dbo.EIR(IMEI, IMSI, BLACK_LIST, WHITE_LIST, GREY_LIST) VALUES(84233671123456789,11675511,'YES','NO','YES');
INSERT INTO PRAKASH_MONISHA_TEST.dbo.EIR(IMEI, IMSI, BLACK_LIST, WHITE_LIST, GREY_LIST) VALUES(99558751123456789,91587396,'YES','NO','NO');
INSERT INTO PRAKASH_MONISHA_TEST.dbo.EIR(IMEI, IMSI, BLACK_LIST, WHITE_LIST, GREY_LIST) VALUES(46737258123456789,31432623,'YES','NO','YES');
INSERT INTO PRAKASH_MONISHA_TEST.dbo.EIR(IMEI, IMSI, BLACK_LIST, WHITE_LIST, GREY_LIST) VALUES(67416120123456789,23658561,'YES','NO','YES');
INSERT INTO PRAKASH_MONISHA_TEST.dbo.EIR(IMEI, IMSI, BLACK_LIST, WHITE_LIST, GREY_LIST) VALUES(93753267123456789,32099455,'YES','NO','YES');
INSERT INTO PRAKASH_MONISHA_TEST.dbo.EIR(IMEI, IMSI, BLACK_LIST, WHITE_LIST, GREY_LIST) VALUES(10312088123456789,88370774,'YES','NO','YES');
INSERT INTO PRAKASH_MONISHA_TEST.dbo.EIR(IMEI, IMSI, BLACK_LIST, WHITE_LIST, GREY_LIST) VALUES(33176498123456789,730469,'YES','NO','YES');
INSERT INTO PRAKASH_MONISHA_TEST.dbo.EIR(IMEI, IMSI, BLACK_LIST, WHITE_LIST, GREY_LIST) VALUES(18114310123456789,10032804,'YES','NO','YES');


--SGSN (INSERT ENCRYPTION KEY AND ENABLE TRIGGER BEFORE TABLE INSERT)

INSERT INTO PRAKASH_MONISHA_TEST.dbo.SGSN(SGSN_IP, IMSI, APN) VALUES('10.1.012.3',37658851,'rcomnet.mnc015.mcc405.gprs');
INSERT INTO PRAKASH_MONISHA_TEST.dbo.SGSN(SGSN_IP, IMSI, APN) VALUES('10.2.012.3',61200340,'rcomnet.mnc015.mcc405.gprs');
INSERT INTO PRAKASH_MONISHA_TEST.dbo.SGSN(SGSN_IP, IMSI, APN) VALUES('10.3.012.3',68175471,'rcomnet.mnc015.mcc405.gprs');
INSERT INTO PRAKASH_MONISHA_TEST.dbo.SGSN(SGSN_IP, IMSI, APN) VALUES('10.4.012.3',45181454,'rcomnet.mnc015.mcc405.gprs');
INSERT INTO PRAKASH_MONISHA_TEST.dbo.SGSN(SGSN_IP, IMSI, APN) VALUES('10.5.012.3',97330536,'rcomnet.mnc015.mcc405.gprs');
INSERT INTO PRAKASH_MONISHA_TEST.dbo.SGSN(SGSN_IP, IMSI, APN) VALUES('10.20.012.32',876418,'rcomnet.mnc015.mcc405.gprs');
INSERT INTO PRAKASH_MONISHA_TEST.dbo.SGSN(SGSN_IP, IMSI, APN) VALUES('140.4.012.3',23024077,'rcomnet.mnc015.mcc405.gprs');
INSERT INTO PRAKASH_MONISHA_TEST.dbo.SGSN(SGSN_IP, IMSI, APN) VALUES('140.0.012.34',66094019,'rcomnet.mnc015.mcc405.gprs');
INSERT INTO PRAKASH_MONISHA_TEST.dbo.SGSN(SGSN_IP, IMSI, APN) VALUES('410.0.012.3',31619232,'rcomnet.mnc015.mcc405.gprs');
INSERT INTO PRAKASH_MONISHA_TEST.dbo.SGSN(SGSN_IP, IMSI, APN) VALUES('210.0.012.3',76568964,'rcomnet.mnc015.mcc405.gprs');
INSERT INTO PRAKASH_MONISHA_TEST.dbo.SGSN(SGSN_IP, IMSI, APN) VALUES('120.0.012.34',15769792,'rcomnet.mnc015.mcc405.gprs');
INSERT INTO PRAKASH_MONISHA_TEST.dbo.SGSN(SGSN_IP, IMSI, APN) VALUES('10.70.012.3',95675087,'rcomnet.mnc015.mcc405.gprs');
INSERT INTO PRAKASH_MONISHA_TEST.dbo.SGSN(SGSN_IP, IMSI, APN) VALUES('180.80.012.3',34467966,'rcomnet.mnc015.mcc405.gprs');
INSERT INTO PRAKASH_MONISHA_TEST.dbo.SGSN(SGSN_IP, IMSI, APN) VALUES('410.0.012.3',11675511,'rcomnet.mnc015.mcc405.gprs');
INSERT INTO PRAKASH_MONISHA_TEST.dbo.SGSN(SGSN_IP, IMSI, APN) VALUES('170.0.012.3',91587396,'rcomnet.mnc015.mcc405.gprs');
INSERT INTO PRAKASH_MONISHA_TEST.dbo.SGSN(SGSN_IP, IMSI, APN) VALUES('160.30.012.3',31432623,'rcomnet.mnc015.mcc405.gprs');
INSERT INTO PRAKASH_MONISHA_TEST.dbo.SGSN(SGSN_IP, IMSI, APN) VALUES('10.0.012.3',23658561,'rcomnet.mnc015.mcc405.gprs');
INSERT INTO PRAKASH_MONISHA_TEST.dbo.SGSN(SGSN_IP, IMSI, APN) VALUES('210.0.012.3',32099455,'rcomnet.mnc015.mcc405.gprs');
INSERT INTO PRAKASH_MONISHA_TEST.dbo.SGSN(SGSN_IP, IMSI, APN) VALUES('10.0.012.23',88370774,'rcomnet.mnc015.mcc405.gprs');
INSERT INTO PRAKASH_MONISHA_TEST.dbo.SGSN(SGSN_IP, IMSI, APN) VALUES('120.0.012.3',730469,'rcomnet.mnc015.mcc405.gprs');
INSERT INTO PRAKASH_MONISHA_TEST.dbo.SGSN(SGSN_IP, IMSI, APN) VALUES('140.0.012.3',10032804,'rcomnet.mnc015.mcc405.gprs');

--GGSN (INSERT ENCRYPTION KEY AND ENABLE TRIGGER BEFORE TABLE INSERT)

INSERT INTO PRAKASH_MONISHA_TEST.dbo.GGSN(GGSN_IP) VALUES('10.12.012.3');
INSERT INTO PRAKASH_MONISHA_TEST.dbo.GGSN(GGSN_IP) VALUES('10.22.012.3');
INSERT INTO PRAKASH_MONISHA_TEST.dbo.GGSN(GGSN_IP) VALUES('10.32.012.3');
INSERT INTO PRAKASH_MONISHA_TEST.dbo.GGSN(GGSN_IP) VALUES('10.42.012.3');
INSERT INTO PRAKASH_MONISHA_TEST.dbo.GGSN(GGSN_IP) VALUES('10.52.012.3');
INSERT INTO PRAKASH_MONISHA_TEST.dbo.GGSN(GGSN_IP) VALUES('10.23.012.32');
INSERT INTO PRAKASH_MONISHA_TEST.dbo.GGSN(GGSN_IP) VALUES('140.43.012.3');
INSERT INTO PRAKASH_MONISHA_TEST.dbo.GGSN(GGSN_IP) VALUES('140.30.012.34');
INSERT INTO PRAKASH_MONISHA_TEST.dbo.GGSN(GGSN_IP) VALUES('410.40.012.3');
INSERT INTO PRAKASH_MONISHA_TEST.dbo.GGSN(GGSN_IP) VALUES('210.40.012.3');
INSERT INTO PRAKASH_MONISHA_TEST.dbo.GGSN(GGSN_IP) VALUES('120.40.012.34');
INSERT INTO PRAKASH_MONISHA_TEST.dbo.GGSN(GGSN_IP) VALUES('10.70.012.35');
INSERT INTO PRAKASH_MONISHA_TEST.dbo.GGSN(GGSN_IP) VALUES('180.80.012.35');
INSERT INTO PRAKASH_MONISHA_TEST.dbo.GGSN(GGSN_IP) VALUES('410.0.012.35');
INSERT INTO PRAKASH_MONISHA_TEST.dbo.GGSN(GGSN_IP) VALUES('170.0.012.35');
INSERT INTO PRAKASH_MONISHA_TEST.dbo.GGSN(GGSN_IP) VALUES('160.30.012.34');
INSERT INTO PRAKASH_MONISHA_TEST.dbo.GGSN(GGSN_IP) VALUES('10.0.012.36');
INSERT INTO PRAKASH_MONISHA_TEST.dbo.GGSN(GGSN_IP) VALUES('210.0.012.37');
INSERT INTO PRAKASH_MONISHA_TEST.dbo.GGSN(GGSN_IP) VALUES('10.0.012.238');
INSERT INTO PRAKASH_MONISHA_TEST.dbo.GGSN(GGSN_IP) VALUES('120.0.012.39');
INSERT INTO PRAKASH_MONISHA_TEST.dbo.GGSN(GGSN_IP) VALUES('140.0.012.35');

--SGSN_GGSN_MAPPING

INSERT INTO PRAKASH_MONISHA_TEST.dbo.SGSN_GGSN_MAPPING (SGSN_IP, GGSN_IP) VALUES('10.12.012.3','10.1.012.3');
INSERT INTO PRAKASH_MONISHA_TEST.dbo.SGSN_GGSN_MAPPING (SGSN_IP, GGSN_IP) VALUES('10.22.012.3','10.2.012.3');
INSERT INTO PRAKASH_MONISHA_TEST.dbo.SGSN_GGSN_MAPPING (SGSN_IP, GGSN_IP) VALUES('10.32.012.3','10.3.012.3');
INSERT INTO PRAKASH_MONISHA_TEST.dbo.SGSN_GGSN_MAPPING (SGSN_IP, GGSN_IP) VALUES('10.42.012.3','10.4.012.3');
INSERT INTO PRAKASH_MONISHA_TEST.dbo.SGSN_GGSN_MAPPING (SGSN_IP, GGSN_IP) VALUES('10.52.012.3','10.5.012.3');
INSERT INTO PRAKASH_MONISHA_TEST.dbo.SGSN_GGSN_MAPPING (SGSN_IP, GGSN_IP) VALUES('10.23.012.32','10.20.012.32');
INSERT INTO PRAKASH_MONISHA_TEST.dbo.SGSN_GGSN_MAPPING (SGSN_IP, GGSN_IP) VALUES('140.43.012.3','140.4.012.3');
INSERT INTO PRAKASH_MONISHA_TEST.dbo.SGSN_GGSN_MAPPING (SGSN_IP, GGSN_IP) VALUES('140.30.012.34','140.0.012.34');
INSERT INTO PRAKASH_MONISHA_TEST.dbo.SGSN_GGSN_MAPPING (SGSN_IP, GGSN_IP) VALUES('410.40.012.3','410.0.012.3');
INSERT INTO PRAKASH_MONISHA_TEST.dbo.SGSN_GGSN_MAPPING (SGSN_IP, GGSN_IP) VALUES('210.40.012.3','210.0.012.3');
INSERT INTO PRAKASH_MONISHA_TEST.dbo.SGSN_GGSN_MAPPING (SGSN_IP, GGSN_IP) VALUES('120.40.012.34','120.0.012.34');
INSERT INTO PRAKASH_MONISHA_TEST.dbo.SGSN_GGSN_MAPPING (SGSN_IP, GGSN_IP) VALUES('10.70.012.35','10.70.012.3');
INSERT INTO PRAKASH_MONISHA_TEST.dbo.SGSN_GGSN_MAPPING (SGSN_IP, GGSN_IP) VALUES('180.80.012.35','180.80.012.3');
INSERT INTO PRAKASH_MONISHA_TEST.dbo.SGSN_GGSN_MAPPING (SGSN_IP, GGSN_IP) VALUES('410.0.012.35','410.0.012.3');
INSERT INTO PRAKASH_MONISHA_TEST.dbo.SGSN_GGSN_MAPPING (SGSN_IP, GGSN_IP) VALUES('170.0.012.35','170.0.012.3');
INSERT INTO PRAKASH_MONISHA_TEST.dbo.SGSN_GGSN_MAPPING (SGSN_IP, GGSN_IP) VALUES('160.30.012.34','160.30.012.3');
INSERT INTO PRAKASH_MONISHA_TEST.dbo.SGSN_GGSN_MAPPING (SGSN_IP, GGSN_IP) VALUES('10.0.012.36','10.0.012.3');
INSERT INTO PRAKASH_MONISHA_TEST.dbo.SGSN_GGSN_MAPPING (SGSN_IP, GGSN_IP) VALUES('210.0.012.37','210.0.012.3');
INSERT INTO PRAKASH_MONISHA_TEST.dbo.SGSN_GGSN_MAPPING (SGSN_IP, GGSN_IP) VALUES('10.0.012.238','10.0.012.23');
INSERT INTO PRAKASH_MONISHA_TEST.dbo.SGSN_GGSN_MAPPING (SGSN_IP, GGSN_IP) VALUES('120.0.012.39','120.0.012.3');
INSERT INTO PRAKASH_MONISHA_TEST.dbo.SGSN_GGSN_MAPPING (SGSN_IP, GGSN_IP) VALUES('140.0.012.35','140.0.012.3');

--HSS

INSERT INTO PRAKASH_MONISHA_TEST.dbo.HSS(ISDN, IMSI, NAM) VALUES(6807733900,137658851,'GPRS');
INSERT INTO PRAKASH_MONISHA_TEST.dbo.HSS(ISDN, IMSI, NAM) VALUES(4290143100,261200340,'GPRS');
INSERT INTO PRAKASH_MONISHA_TEST.dbo.HSS(ISDN, IMSI, NAM) VALUES(5781996100,368175471,'GPRS');
INSERT INTO PRAKASH_MONISHA_TEST.dbo.HSS(ISDN, IMSI, NAM) VALUES(9266112800,445181454,'GSM');
INSERT INTO PRAKASH_MONISHA_TEST.dbo.HSS(ISDN, IMSI, NAM) VALUES(6038816400,597330536,'BOTH');
INSERT INTO PRAKASH_MONISHA_TEST.dbo.HSS(ISDN, IMSI, NAM) VALUES(7297116400,687641833,'BOTH');
INSERT INTO PRAKASH_MONISHA_TEST.dbo.HSS(ISDN, IMSI, NAM) VALUES(2493192900,723024077,'GPRS');
INSERT INTO PRAKASH_MONISHA_TEST.dbo.HSS(ISDN, IMSI, NAM) VALUES(6761391000,866094019,'BOTH');
INSERT INTO PRAKASH_MONISHA_TEST.dbo.HSS(ISDN, IMSI, NAM) VALUES(1085996600,931619232,'GSM');
INSERT INTO PRAKASH_MONISHA_TEST.dbo.HSS(ISDN, IMSI, NAM) VALUES(3877583700,176568964,'GPRS');
INSERT INTO PRAKASH_MONISHA_TEST.dbo.HSS(ISDN, IMSI, NAM) VALUES(9196303900,215769792,'BOTH');
INSERT INTO PRAKASH_MONISHA_TEST.dbo.HSS(ISDN, IMSI, NAM) VALUES(3264558600,395675087,'GSM');
INSERT INTO PRAKASH_MONISHA_TEST.dbo.HSS(ISDN, IMSI, NAM) VALUES(3200843100,434467966,'BOTH');
INSERT INTO PRAKASH_MONISHA_TEST.dbo.HSS(ISDN, IMSI, NAM) VALUES(8423367100,511675511,'GPRS');
INSERT INTO PRAKASH_MONISHA_TEST.dbo.HSS(ISDN, IMSI, NAM) VALUES(9955875100,691587396,'GSM');
INSERT INTO PRAKASH_MONISHA_TEST.dbo.HSS(ISDN, IMSI, NAM) VALUES(4673725800,731432623,'GSM');
INSERT INTO PRAKASH_MONISHA_TEST.dbo.HSS(ISDN, IMSI, NAM) VALUES(6741612000,823658561,'GPRS');
INSERT INTO PRAKASH_MONISHA_TEST.dbo.HSS(ISDN, IMSI, NAM) VALUES(9375326700,932099455,'GPRS');
INSERT INTO PRAKASH_MONISHA_TEST.dbo.HSS(ISDN, IMSI, NAM) VALUES(1031208800,288370774,'BOTH');
INSERT INTO PRAKASH_MONISHA_TEST.dbo.HSS(ISDN, IMSI, NAM) VALUES(3317649800,173046922,'GPRS');
INSERT INTO PRAKASH_MONISHA_TEST.dbo.HSS(ISDN, IMSI, NAM) VALUES(1811431000,310032804,'GPRS');

--MME


INSERT INTO PRAKASH_MONISHA_TEST.dbo.MME(PTMSI, ISDN, IMSI, MSRN, TAI) VALUES(123456,6807733900,137658851,(NULL),'460150E00101');
INSERT INTO PRAKASH_MONISHA_TEST.dbo.MME(PTMSI, ISDN, IMSI, MSRN, TAI) VALUES(223456,4290143100,261200340,(NULL),'470150E00101');
INSERT INTO PRAKASH_MONISHA_TEST.dbo.MME(PTMSI, ISDN, IMSI, MSRN, TAI) VALUES(323456,5781996100,368175471,(NULL),'480150E00101');
INSERT INTO PRAKASH_MONISHA_TEST.dbo.MME(PTMSI, ISDN, IMSI, MSRN, TAI) VALUES(423456,9266112800,445181454,(NULL),'490150E00101');
INSERT INTO PRAKASH_MONISHA_TEST.dbo.MME(PTMSI, ISDN, IMSI, MSRN, TAI) VALUES(523456,6038816400,597330536,(NULL),'460150E00101');
INSERT INTO PRAKASH_MONISHA_TEST.dbo.MME(PTMSI, ISDN, IMSI, MSRN, TAI) VALUES(623456,7297116400,687641833,(NULL),'470150E00101');
INSERT INTO PRAKASH_MONISHA_TEST.dbo.MME(PTMSI, ISDN, IMSI, MSRN, TAI) VALUES(723456,2493192900,723024077,(NULL),'480150E00101');
INSERT INTO PRAKASH_MONISHA_TEST.dbo.MME(PTMSI, ISDN, IMSI, MSRN, TAI) VALUES(823456,6761391000,866094019,(NULL),'490150E00101');
INSERT INTO PRAKASH_MONISHA_TEST.dbo.MME(PTMSI, ISDN, IMSI, MSRN, TAI) VALUES(923456,1085996600,931619232,(NULL),'460150E00101');
INSERT INTO PRAKASH_MONISHA_TEST.dbo.MME(PTMSI, ISDN, IMSI, MSRN, TAI) VALUES(113456,3877583700,176568964,(NULL),'470150E00101');
INSERT INTO PRAKASH_MONISHA_TEST.dbo.MME(PTMSI, ISDN, IMSI, MSRN, TAI) VALUES(143456,9196303900,215769792,(NULL),'480150E00101');
INSERT INTO PRAKASH_MONISHA_TEST.dbo.MME(PTMSI, ISDN, IMSI, MSRN, TAI) VALUES(153456,3264558600,395675087,(NULL),'490150E00101');
INSERT INTO PRAKASH_MONISHA_TEST.dbo.MME(PTMSI, ISDN, IMSI, MSRN, TAI) VALUES(163456,3200843100,434467966,(NULL),'460150E00101');
INSERT INTO PRAKASH_MONISHA_TEST.dbo.MME(PTMSI, ISDN, IMSI, MSRN, TAI) VALUES(173456,8423367100,511675511,(NULL),'470150E00101');
INSERT INTO PRAKASH_MONISHA_TEST.dbo.MME(PTMSI, ISDN, IMSI, MSRN, TAI) VALUES(183456,9955875100,691587396,(NULL),'480150E00101');
INSERT INTO PRAKASH_MONISHA_TEST.dbo.MME(PTMSI, ISDN, IMSI, MSRN, TAI) VALUES(193456,4673725800,731432623,(NULL),'490150E00101');
INSERT INTO PRAKASH_MONISHA_TEST.dbo.MME(PTMSI, ISDN, IMSI, MSRN, TAI) VALUES(103456,6741612000,823658561,(NULL),'460150E00101');
INSERT INTO PRAKASH_MONISHA_TEST.dbo.MME(PTMSI, ISDN, IMSI, MSRN, TAI) VALUES(121456,9375326700,932099455,(NULL),'460150E00101');
INSERT INTO PRAKASH_MONISHA_TEST.dbo.MME(PTMSI, ISDN, IMSI, MSRN, TAI) VALUES(122456,1031208800,288370774,(NULL),'460150E00101');
INSERT INTO PRAKASH_MONISHA_TEST.dbo.MME(PTMSI, ISDN, IMSI, MSRN, TAI) VALUES(129456,3317649800,173046922,(NULL),'460150E00101');
INSERT INTO PRAKASH_MONISHA_TEST.dbo.MME(PTMSI, ISDN, IMSI, MSRN, TAI) VALUES(125456,1811431000,310032804,(NULL),'460150E00101');



--SGW

INSERT INTO PRAKASH_MONISHA_TEST.dbo.SGW(SGW_IP, PTMSI, APN) VALUES('105.0.012.1',123456,'rcomnet.mnc015.mcc405.gprs');
INSERT INTO PRAKASH_MONISHA_TEST.dbo.SGW(SGW_IP, PTMSI, APN) VALUES('105.0.012.2',223456,'rcomnet.mnc015.mcc405.gprs');
INSERT INTO PRAKASH_MONISHA_TEST.dbo.SGW(SGW_IP, PTMSI, APN) VALUES('105.0.012.3',323456,'rcomnet.mnc015.mcc405.gprs');
INSERT INTO PRAKASH_MONISHA_TEST.dbo.SGW(SGW_IP, PTMSI, APN) VALUES('105.0.012.4',423456,'rcomnet.mnc015.mcc405.gprs');
INSERT INTO PRAKASH_MONISHA_TEST.dbo.SGW(SGW_IP, PTMSI, APN) VALUES('105.0.012.5',523456,'rcomnet.mnc015.mcc405.gprs');
INSERT INTO PRAKASH_MONISHA_TEST.dbo.SGW(SGW_IP, PTMSI, APN) VALUES('105.0.012.6',623456,'rcomnet.mnc015.mcc405.gprs');
INSERT INTO PRAKASH_MONISHA_TEST.dbo.SGW(SGW_IP, PTMSI, APN) VALUES('105.0.012.7',723456,'rcomnet.mnc015.mcc405.gprs');
INSERT INTO PRAKASH_MONISHA_TEST.dbo.SGW(SGW_IP, PTMSI, APN) VALUES('105.0.012.8',823456,'rcomnet.mnc015.mcc405.gprs');
INSERT INTO PRAKASH_MONISHA_TEST.dbo.SGW(SGW_IP, PTMSI, APN) VALUES('105.0.012.9',923456,'rcomnet.mnc015.mcc405.gprs');
INSERT INTO PRAKASH_MONISHA_TEST.dbo.SGW(SGW_IP, PTMSI, APN) VALUES('105.0.012.10',113456,'rcomnet.mnc015.mcc405.gprs');
INSERT INTO PRAKASH_MONISHA_TEST.dbo.SGW(SGW_IP, PTMSI, APN) VALUES('105.0.012.135',143456,'rcomnet.mnc015.mcc405.gprs');
INSERT INTO PRAKASH_MONISHA_TEST.dbo.SGW(SGW_IP, PTMSI, APN) VALUES('105.0.012.235',153456,'rcomnet.mnc015.mcc405.gprs');
INSERT INTO PRAKASH_MONISHA_TEST.dbo.SGW(SGW_IP, PTMSI, APN) VALUES('105.0.012.335',163456,'rcomnet.mnc015.mcc405.gprs');
INSERT INTO PRAKASH_MONISHA_TEST.dbo.SGW(SGW_IP, PTMSI, APN) VALUES('105.0.012.435',173456,'rcomnet.mnc015.mcc405.gprs');
INSERT INTO PRAKASH_MONISHA_TEST.dbo.SGW(SGW_IP, PTMSI, APN) VALUES('105.0.012.535',183456,'rcomnet.mnc015.mcc405.gprs');
INSERT INTO PRAKASH_MONISHA_TEST.dbo.SGW(SGW_IP, PTMSI, APN) VALUES('105.0.012.635',193456,'rcomnet.mnc015.mcc405.gprs');
INSERT INTO PRAKASH_MONISHA_TEST.dbo.SGW(SGW_IP, PTMSI, APN) VALUES('105.0.012.735',103456,'rcomnet.mnc015.mcc405.gprs');
INSERT INTO PRAKASH_MONISHA_TEST.dbo.SGW(SGW_IP, PTMSI, APN) VALUES('105.0.012.835',121456,'rcomnet.mnc015.mcc405.gprs');
INSERT INTO PRAKASH_MONISHA_TEST.dbo.SGW(SGW_IP, PTMSI, APN) VALUES('105.0.012.935',122456,'rcomnet.mnc015.mcc405.gprs');
INSERT INTO PRAKASH_MONISHA_TEST.dbo.SGW(SGW_IP, PTMSI, APN) VALUES('105.0.012.035',129456,'rcomnet.mnc015.mcc405.gprs');
INSERT INTO PRAKASH_MONISHA_TEST.dbo.SGW(SGW_IP, PTMSI, APN) VALUES('105.0.012.353',125456,'rcomnet.mnc015.mcc405.gprs');

--PGW

INSERT INTO PRAKASH_MONISHA_TEST.dbo.PGW(PGW_IP) VALUES('111.0.012.1');
INSERT INTO PRAKASH_MONISHA_TEST.dbo.PGW(PGW_IP) VALUES('111.0.012.2');
INSERT INTO PRAKASH_MONISHA_TEST.dbo.PGW(PGW_IP) VALUES('111.0.012.3');
INSERT INTO PRAKASH_MONISHA_TEST.dbo.PGW(PGW_IP) VALUES('111.0.012.4');
INSERT INTO PRAKASH_MONISHA_TEST.dbo.PGW(PGW_IP) VALUES('111.0.012.5');
INSERT INTO PRAKASH_MONISHA_TEST.dbo.PGW(PGW_IP) VALUES('111.0.012.6');
INSERT INTO PRAKASH_MONISHA_TEST.dbo.PGW(PGW_IP) VALUES('111.0.012.7');
INSERT INTO PRAKASH_MONISHA_TEST.dbo.PGW(PGW_IP) VALUES('111.0.012.8');
INSERT INTO PRAKASH_MONISHA_TEST.dbo.PGW(PGW_IP) VALUES('111.0.012.9');
INSERT INTO PRAKASH_MONISHA_TEST.dbo.PGW(PGW_IP) VALUES('111.0.012.10');
INSERT INTO PRAKASH_MONISHA_TEST.dbo.PGW(PGW_IP) VALUES('111.0.012.135');
INSERT INTO PRAKASH_MONISHA_TEST.dbo.PGW(PGW_IP) VALUES('111.0.012.235');
INSERT INTO PRAKASH_MONISHA_TEST.dbo.PGW(PGW_IP) VALUES('111.0.012.335');
INSERT INTO PRAKASH_MONISHA_TEST.dbo.PGW(PGW_IP) VALUES('111.0.012.435');
INSERT INTO PRAKASH_MONISHA_TEST.dbo.PGW(PGW_IP) VALUES('111.0.012.535');
INSERT INTO PRAKASH_MONISHA_TEST.dbo.PGW(PGW_IP) VALUES('111.0.012.635');
INSERT INTO PRAKASH_MONISHA_TEST.dbo.PGW(PGW_IP) VALUES('111.0.012.735');
INSERT INTO PRAKASH_MONISHA_TEST.dbo.PGW(PGW_IP) VALUES('111.0.012.835');
INSERT INTO PRAKASH_MONISHA_TEST.dbo.PGW(PGW_IP) VALUES('111.0.012.935');
INSERT INTO PRAKASH_MONISHA_TEST.dbo.PGW(PGW_IP) VALUES('111.0.012.035');
INSERT INTO PRAKASH_MONISHA_TEST.dbo.PGW(PGW_IP) VALUES('111.0.012.353');

--PCRF

INSERT INTO PRAKASH_MONISHA_TEST.dbo.PCRF(PCRFID, IMSI, PGW_IP, CHARGING_DRECORD, QOS) VALUES('123e257e-fb1e-11e8',137658851,'111.0.012.1',SYSDATETIME(),'NA');
INSERT INTO PRAKASH_MONISHA_TEST.dbo.PCRF(PCRFID, IMSI, PGW_IP, CHARGING_DRECORD, QOS) VALUES('223e257e-fb1e-11e8',261200340,'111.0.012.2',SYSDATETIME(),'NA');
INSERT INTO PRAKASH_MONISHA_TEST.dbo.PCRF(PCRFID, IMSI, PGW_IP, CHARGING_DRECORD, QOS) VALUES('323e257e-fb1e-11e8',368175471,'111.0.012.3',SYSDATETIME(),'NA');
INSERT INTO PRAKASH_MONISHA_TEST.dbo.PCRF(PCRFID, IMSI, PGW_IP, CHARGING_DRECORD, QOS) VALUES('423e257e-fb1e-11e8',445181454,'111.0.012.4',SYSDATETIME(),'NA');
INSERT INTO PRAKASH_MONISHA_TEST.dbo.PCRF(PCRFID, IMSI, PGW_IP, CHARGING_DRECORD, QOS) VALUES('523e257e-fb1e-11e8',597330536,'111.0.012.5',SYSDATETIME(),'NA');
INSERT INTO PRAKASH_MONISHA_TEST.dbo.PCRF(PCRFID, IMSI, PGW_IP, CHARGING_DRECORD, QOS) VALUES('623e257e-fb1e-11e8',687641833,'111.0.012.6',SYSDATETIME(),'NA');
INSERT INTO PRAKASH_MONISHA_TEST.dbo.PCRF(PCRFID, IMSI, PGW_IP, CHARGING_DRECORD, QOS) VALUES('723e257e-fb1e-11e8',723024077,'111.0.012.7',SYSDATETIME(),'NA');
INSERT INTO PRAKASH_MONISHA_TEST.dbo.PCRF(PCRFID, IMSI, PGW_IP, CHARGING_DRECORD, QOS) VALUES('823e257e-fb1e-11e8',866094019,'111.0.012.8',SYSDATETIME(),'NA');
INSERT INTO PRAKASH_MONISHA_TEST.dbo.PCRF(PCRFID, IMSI, PGW_IP, CHARGING_DRECORD, QOS) VALUES('923e257e-fb1e-11e8',931619232,'111.0.012.9',SYSDATETIME(),'NA');
INSERT INTO PRAKASH_MONISHA_TEST.dbo.PCRF(PCRFID, IMSI, PGW_IP, CHARGING_DRECORD, QOS) VALUES('913e257e-fb1e-11e8',176568964,'111.0.012.10',SYSDATETIME(),'NA');
INSERT INTO PRAKASH_MONISHA_TEST.dbo.PCRF(PCRFID, IMSI, PGW_IP, CHARGING_DRECORD, QOS) VALUES('923e257e-fb1e-11e8',215769792,'111.0.012.135',SYSDATETIME(),'NA');
INSERT INTO PRAKASH_MONISHA_TEST.dbo.PCRF(PCRFID, IMSI, PGW_IP, CHARGING_DRECORD, QOS) VALUES('933e257e-fb1e-11e8',395675087,'111.0.012.235',SYSDATETIME(),'NA');
INSERT INTO PRAKASH_MONISHA_TEST.dbo.PCRF(PCRFID, IMSI, PGW_IP, CHARGING_DRECORD, QOS) VALUES('943e257e-fb1e-11e8',434467966,'111.0.012.335',SYSDATETIME(),'NA');
INSERT INTO PRAKASH_MONISHA_TEST.dbo.PCRF(PCRFID, IMSI, PGW_IP, CHARGING_DRECORD, QOS) VALUES('953e257e-fb1e-11e8',511675511,'111.0.012.435',SYSDATETIME(),'NA');
INSERT INTO PRAKASH_MONISHA_TEST.dbo.PCRF(PCRFID, IMSI, PGW_IP, CHARGING_DRECORD, QOS) VALUES('963e257e-fb1e-11e8',691587396,'111.0.012.535',SYSDATETIME(),'NA');
INSERT INTO PRAKASH_MONISHA_TEST.dbo.PCRF(PCRFID, IMSI, PGW_IP, CHARGING_DRECORD, QOS) VALUES('973e257e-fb1e-11e8',731432623,'111.0.012.635',SYSDATETIME(),'NA');
INSERT INTO PRAKASH_MONISHA_TEST.dbo.PCRF(PCRFID, IMSI, PGW_IP, CHARGING_DRECORD, QOS) VALUES('983e257e-fb1e-11e8',823658561,'111.0.012.735',SYSDATETIME(),'NA');
INSERT INTO PRAKASH_MONISHA_TEST.dbo.PCRF(PCRFID, IMSI, PGW_IP, CHARGING_DRECORD, QOS) VALUES('993e257e-fb1e-11e8',932099455,'111.0.012.835',SYSDATETIME(),'NA');
INSERT INTO PRAKASH_MONISHA_TEST.dbo.PCRF(PCRFID, IMSI, PGW_IP, CHARGING_DRECORD, QOS) VALUES('921e257e-fb1e-11e8',288370774,'111.0.012.935',SYSDATETIME(),'NA');
INSERT INTO PRAKASH_MONISHA_TEST.dbo.PCRF(PCRFID, IMSI, PGW_IP, CHARGING_DRECORD, QOS) VALUES('922e257e-fb1e-11e8',173046922,'111.0.012.035',SYSDATETIME(),'NA');
INSERT INTO PRAKASH_MONISHA_TEST.dbo.PCRF(PCRFID, IMSI, PGW_IP, CHARGING_DRECORD, QOS) VALUES('926e257e-fb1e-11e8',310032804,'111.0.012.353',SYSDATETIME(),'NA');

--DNS

INSERT INTO PRAKASH_MONISHA_TEST.dbo.DNS(DNSID, APN) VALUES('1ADASD1231ASDA', 'rcomnet.mnc015.mcc405.gprs');
INSERT INTO PRAKASH_MONISHA_TEST.dbo.DNS(DNSID, APN) VALUES('2ADASD1231ASDA', 'rcomnet.mnc015.mcc402.gprs');
INSERT INTO PRAKASH_MONISHA_TEST.dbo.DNS(DNSID, APN) VALUES('3ADASD1231ASDA', 'rcomnet.mnc015.mcc404.gprs');
INSERT INTO PRAKASH_MONISHA_TEST.dbo.DNS(DNSID, APN) VALUES('4ADASD1231ASDA', 'rcomnet.mnc015.mcc406.gprs');
INSERT INTO PRAKASH_MONISHA_TEST.dbo.DNS(DNSID, APN) VALUES('5ADASD1231ASDA', 'rcomnet.mnc015.mcc407.gprs');
INSERT INTO PRAKASH_MONISHA_TEST.dbo.DNS(DNSID, APN) VALUES('6ADASD1231ASDA', 'rcomnet.mnc015.mcc408.gprs');
INSERT INTO PRAKASH_MONISHA_TEST.dbo.DNS(DNSID, APN) VALUES('7ADASD1231ASDA', 'rcomnet.mnc015.mcc409.gprs');
INSERT INTO PRAKASH_MONISHA_TEST.dbo.DNS(DNSID, APN) VALUES('8ADASD1231ASDA', 'rcomnet.mnc015.mcc400.gprs');
INSERT INTO PRAKASH_MONISHA_TEST.dbo.DNS(DNSID, APN) VALUES('9ADASD1231ASDA', 'rcomnet.mnc015.mcc422.gprs');
INSERT INTO PRAKASH_MONISHA_TEST.dbo.DNS(DNSID, APN) VALUES('10ADASD1231ASD', 'rcomnet.mnc015.mcc423.gprs');
INSERT INTO PRAKASH_MONISHA_TEST.dbo.DNS(DNSID, APN) VALUES('11ADASD1231ASD', 'rcomnet.mnc015.mcc443.gprs');

-----------------Encryption---------------------

CREATE MASTER KEY ENCRYPTION BY  
PASSWORD = 'password';

CREATE CERTIFICATE SelfSignedCertificate  
WITH SUBJECT = 'Password Encryption';  

CREATE SYMMETRIC KEY SQLSymmetricKey  
WITH ALGORITHM = AES_128  
ENCRYPTION BY CERTIFICATE SelfSignedCertificate;  

OPEN SYMMETRIC KEY SQLSymmetricKey  
DECRYPTION BY CERTIFICATE SelfSignedCertificate;  

--Encrypt
UPDATE GGSN  
SET [EncryptedPDP_CONTEXT] = EncryptByKey(Key_GUID('SQLSymmetricKey'), CONVERT(varchar, PDP_CONTEXT)); 
UPDATE SGSN  
SET [EncryptedPDP_CONTEXT] = EncryptByKey(Key_GUID('SQLSymmetricKey'), CONVERT(varchar, PDP_CONTEXT)); 

--Decrypt

SELECT SGSN_IP, PDP_CONTEXT,  
CONVERT(varchar, DecryptByKey(EncryptedPDP_CONTEXT)) AS 'DecryptedPDPCONTEXT'  
FROM SGSN; 
SELECT SGSN_IP, PDP_CONTEXT,  
CONVERT(varchar, DecryptByKey(EncryptedPDP_CONTEXT)) AS 'DecryptedPDPCONTEXT'  
FROM GGSN; 

--Close Symmetric key
CLOSE SYMMETRIC KEY SQLSymmetricKey;

----------------Triggers----------------

DROP TRIGGER INSERT_GGSN_TRIGGER

CREATE TRIGGER INSERT_GGSN_TRIGGER 
ON  GGSN  
AFTER INSERT 
AS  
BEGIN 
	OPEN SYMMETRIC KEY SQLSymmetricKey  
DECRYPTION BY CERTIFICATE SelfSignedCertificate; 
    UPDATE GGSN  
	SET [EncryptedPDP_CONTEXT] = EncryptByKey(Key_GUID('SQLSymmetricKey'), CONVERT(varchar, PDP_CONTEXT));
	CLOSE SYMMETRIC KEY SQLSymmetricKey;
END;



DROP TRIGGER INSERT_SGSN_TRIGGER

CREATE TRIGGER INSERT_SGSN_TRIGGER 
ON  SGSN  
AFTER INSERT 
AS  
BEGIN 
	OPEN SYMMETRIC KEY SQLSymmetricKey  
DECRYPTION BY CERTIFICATE SelfSignedCertificate; 
    UPDATE SGSN  
	SET [EncryptedPDP_CONTEXT] = EncryptByKey(Key_GUID('SQLSymmetricKey'), CONVERT(varchar, PDP_CONTEXT));
	CLOSE SYMMETRIC KEY SQLSymmetricKey;
END;


----------------Views--------------------------

CREATE VIEW V_GET_HSS_COUNT
AS SELECT COUNT(IMSI) AS TOTAL_CUSTOMERS
FROM HSS;

CREATE VIEW V_GET_HLR_COUNT
AS SELECT COUNT(IMSI) AS TOTAL_CUSTOMERS
FROM HLR;

CREATE VIEW V_GET_TOTAL_3G_4G_CUSTOMERS
AS select SUM(counts) from (
select count(IMSI) as counts from HSS 
union all
select count(IMSI) as counts from HLR);



